,date,Highest
0,2024-08-15 09:35:00,0.453
1,2024-08-15 09:40:00,0.454
2,2024-08-15 09:45:00,0.454
3,2024-08-15 09:50:00,0.453
4,2024-08-15 09:55:00,0.452
5,2024-08-15 10:00:00,0.452
6,2024-08-15 10:05:00,0.452
7,2024-08-15 10:10:00,0.453
8,2024-08-15 10:15:00,0.457
9,2024-08-15 10:20:00,0.457
10,2024-08-15 10:25:00,0.458
11,2024-08-15 10:30:00,0.458
12,2024-08-15 10:35:00,0.459
13,2024-08-15 10:40:00,0.458
14,2024-08-15 10:45:00,0.461
15,2024-08-15 10:50:00,0.461
16,2024-08-15 10:55:00,0.459
17,2024-08-15 11:00:00,0.459
18,2024-08-15 11:05:00,0.459
19,2024-08-15 11:10:00,0.458
20,2024-08-15 11:15:00,0.458
21,2024-08-15 11:20:00,0.458
22,2024-08-15 11:25:00,0.458
23,2024-08-15 11:30:00,0.458
24,2024-08-15 13:05:00,0.458
25,2024-08-15 13:10:00,0.457
26,2024-08-15 13:15:00,0.456
27,2024-08-15 13:20:00,0.456
28,2024-08-15 13:25:00,0.456
29,2024-08-15 13:30:00,0.455
30,2024-08-15 13:35:00,0.455
31,2024-08-15 13:40:00,0.455
32,2024-08-15 13:45:00,0.455
33,2024-08-15 13:50:00,0.454
34,2024-08-15 13:55:00,0.453
35,2024-08-15 14:00:00,0.453
36,2024-08-15 14:05:00,0.453
37,2024-08-15 14:10:00,0.454
38,2024-08-15 14:15:00,0.453
39,2024-08-15 14:20:00,0.453
40,2024-08-15 14:25:00,0.453
41,2024-08-15 14:30:00,0.453
42,2024-08-15 14:35:00,0.453
43,2024-08-15 14:40:00,0.453
44,2024-08-15 14:45:00,0.453
45,2024-08-15 14:50:00,0.453
46,2024-08-15 14:55:00,0.454
47,2024-08-15 15:00:00,0.454
48,2024-08-16 09:35:00,0.462
49,2024-08-16 09:40:00,0.462
50,2024-08-16 09:45:00,0.462
51,2024-08-16 09:50:00,0.461
52,2024-08-16 09:55:00,0.462
53,2024-08-16 10:00:00,0.463
54,2024-08-16 10:05:00,0.463
55,2024-08-16 10:10:00,0.462
56,2024-08-16 10:15:00,0.462
57,2024-08-16 10:20:00,0.462
58,2024-08-16 10:25:00,0.463
59,2024-08-16 10:30:00,0.463
60,2024-08-16 10:35:00,0.463
61,2024-08-16 10:40:00,0.463
62,2024-08-16 10:45:00,0.463
63,2024-08-16 10:50:00,0.463
64,2024-08-16 10:55:00,0.463
65,2024-08-16 11:00:00,0.462
66,2024-08-16 11:05:00,0.462
67,2024-08-16 11:10:00,0.463
68,2024-08-16 11:15:00,0.463
69,2024-08-16 11:20:00,0.464
70,2024-08-16 11:25:00,0.464
71,2024-08-16 11:30:00,0.464
72,2024-08-16 13:05:00,0.464
73,2024-08-16 13:10:00,0.464
74,2024-08-16 13:15:00,0.464
75,2024-08-16 13:20:00,0.465
76,2024-08-16 13:25:00,0.465
77,2024-08-16 13:30:00,0.464
78,2024-08-16 13:35:00,0.465
79,2024-08-16 13:40:00,0.465
80,2024-08-16 13:45:00,0.465
81,2024-08-16 13:50:00,0.465
82,2024-08-16 13:55:00,0.465
83,2024-08-16 14:00:00,0.466
84,2024-08-16 14:05:00,0.466
85,2024-08-16 14:10:00,0.466
86,2024-08-16 14:15:00,0.465
87,2024-08-16 14:20:00,0.465
88,2024-08-16 14:25:00,0.465
89,2024-08-16 14:30:00,0.464
90,2024-08-16 14:35:00,0.464
91,2024-08-16 14:40:00,0.464
92,2024-08-16 14:45:00,0.464
93,2024-08-16 14:50:00,0.464
94,2024-08-16 14:55:00,0.464
95,2024-08-16 15:00:00,0.464
96,2024-08-19 09:35:00,0.474
97,2024-08-19 09:40:00,0.476
98,2024-08-19 09:45:00,0.475
99,2024-08-19 09:50:00,0.476
100,2024-08-19 09:55:00,0.476
101,2024-08-19 10:00:00,0.477
102,2024-08-19 10:05:00,0.477
103,2024-08-19 10:10:00,0.478
104,2024-08-19 10:15:00,0.478
105,2024-08-19 10:20:00,0.477
106,2024-08-19 10:25:00,0.477
107,2024-08-19 10:30:00,0.477
108,2024-08-19 10:35:00,0.476
109,2024-08-19 10:40:00,0.477
110,2024-08-19 10:45:00,0.475
111,2024-08-19 10:50:00,0.475
112,2024-08-19 10:55:00,0.476
113,2024-08-19 11:00:00,0.476
114,2024-08-19 11:05:00,0.475
115,2024-08-19 11:10:00,0.475
116,2024-08-19 11:15:00,0.475
117,2024-08-19 11:20:00,0.475
118,2024-08-19 11:25:00,0.475
119,2024-08-19 11:30:00,0.475
120,2024-08-19 13:05:00,0.475
121,2024-08-19 13:10:00,0.474
122,2024-08-19 13:15:00,0.474
123,2024-08-19 13:20:00,0.473
124,2024-08-19 13:25:00,0.474
125,2024-08-19 13:30:00,0.473
126,2024-08-19 13:35:00,0.473
127,2024-08-19 13:40:00,0.473
128,2024-08-19 13:45:00,0.473
129,2024-08-19 13:50:00,0.473
130,2024-08-19 13:55:00,0.473
131,2024-08-19 14:00:00,0.472
132,2024-08-19 14:05:00,0.472
133,2024-08-19 14:10:00,0.472
134,2024-08-19 14:15:00,0.472
135,2024-08-19 14:20:00,0.472
136,2024-08-19 14:25:00,0.471
137,2024-08-19 14:30:00,0.472
138,2024-08-19 14:35:00,0.472
139,2024-08-19 14:40:00,0.473
140,2024-08-19 14:45:00,0.473
141,2024-08-19 14:50:00,0.472
142,2024-08-19 14:55:00,0.472
143,2024-08-19 15:00:00,0.473
144,2024-08-20 09:35:00,0.476
145,2024-08-20 09:40:00,0.474
146,2024-08-20 09:45:00,0.474
147,2024-08-20 09:50:00,0.473
148,2024-08-20 09:55:00,0.472
149,2024-08-20 10:00:00,0.47
150,2024-08-20 10:05:00,0.47
151,2024-08-20 10:10:00,0.47
152,2024-08-20 10:15:00,0.47
153,2024-08-20 10:20:00,0.47
154,2024-08-20 10:25:00,0.471
155,2024-08-20 10:30:00,0.471
156,2024-08-20 10:35:00,0.471
157,2024-08-20 10:40:00,0.471
158,2024-08-20 10:45:00,0.472
159,2024-08-20 10:50:00,0.471
160,2024-08-20 10:55:00,0.471
161,2024-08-20 11:00:00,0.471
162,2024-08-20 11:05:00,0.471
163,2024-08-20 11:10:00,0.471
164,2024-08-20 11:15:00,0.471
165,2024-08-20 11:20:00,0.471
166,2024-08-20 11:25:00,0.47
167,2024-08-20 11:30:00,0.47
168,2024-08-20 13:05:00,0.471
169,2024-08-20 13:10:00,0.47
170,2024-08-20 13:15:00,0.47
171,2024-08-20 13:20:00,0.47
172,2024-08-20 13:25:00,0.47
173,2024-08-20 13:30:00,0.47
174,2024-08-20 13:35:00,0.47
175,2024-08-20 13:40:00,0.47
176,2024-08-20 13:45:00,0.469
177,2024-08-20 13:50:00,0.469
178,2024-08-20 13:55:00,0.469
179,2024-08-20 14:00:00,0.47
180,2024-08-20 14:05:00,0.469
181,2024-08-20 14:10:00,0.469
182,2024-08-20 14:15:00,0.469
183,2024-08-20 14:20:00,0.469
184,2024-08-20 14:25:00,0.469
185,2024-08-20 14:30:00,0.469
186,2024-08-20 14:35:00,0.469
187,2024-08-20 14:40:00,0.469
188,2024-08-20 14:45:00,0.469
189,2024-08-20 14:50:00,0.468
190,2024-08-20 14:55:00,0.468
191,2024-08-20 15:00:00,0.468
192,2024-08-21 09:35:00,0.457
193,2024-08-21 09:40:00,0.457
194,2024-08-21 09:45:00,0.458
195,2024-08-21 09:50:00,0.458
196,2024-08-21 09:55:00,0.459
197,2024-08-21 10:00:00,0.457
198,2024-08-21 10:05:00,0.458
199,2024-08-21 10:10:00,0.459
200,2024-08-21 10:15:00,0.459
201,2024-08-21 10:20:00,0.46
202,2024-08-21 10:25:00,0.46
203,2024-08-21 10:30:00,0.46
204,2024-08-21 10:35:00,0.46
205,2024-08-21 10:40:00,0.461
206,2024-08-21 10:45:00,0.461
207,2024-08-21 10:50:00,0.461
208,2024-08-21 10:55:00,0.46
209,2024-08-21 11:00:00,0.46
210,2024-08-21 11:05:00,0.46
211,2024-08-21 11:10:00,0.46
212,2024-08-21 11:15:00,0.461
213,2024-08-21 11:20:00,0.46
214,2024-08-21 11:25:00,0.46
215,2024-08-21 11:30:00,0.46
216,2024-08-21 13:05:00,0.459
217,2024-08-21 13:10:00,0.459
218,2024-08-21 13:15:00,0.46
219,2024-08-21 13:20:00,0.46
220,2024-08-21 13:25:00,0.459
221,2024-08-21 13:30:00,0.46
222,2024-08-21 13:35:00,0.459
223,2024-08-21 13:40:00,0.459
224,2024-08-21 13:45:00,0.459
225,2024-08-21 13:50:00,0.458
226,2024-08-21 13:55:00,0.458
227,2024-08-21 14:00:00,0.458
228,2024-08-21 14:05:00,0.458
229,2024-08-21 14:10:00,0.458
230,2024-08-21 14:15:00,0.459
231,2024-08-21 14:20:00,0.459
232,2024-08-21 14:25:00,0.459
233,2024-08-21 14:30:00,0.459
234,2024-08-21 14:35:00,0.459
235,2024-08-21 14:40:00,0.459
236,2024-08-21 14:45:00,0.459
237,2024-08-21 14:50:00,0.459
238,2024-08-21 14:55:00,0.46
239,2024-08-21 15:00:00,0.46
240,2024-08-22 09:35:00,0.467
241,2024-08-22 09:40:00,0.466
242,2024-08-22 09:45:00,0.465
243,2024-08-22 09:50:00,0.467
244,2024-08-22 09:55:00,0.467
245,2024-08-22 10:00:00,0.466
246,2024-08-22 10:05:00,0.465
247,2024-08-22 10:10:00,0.464
248,2024-08-22 10:15:00,0.464
249,2024-08-22 10:20:00,0.464
250,2024-08-22 10:25:00,0.465
251,2024-08-22 10:30:00,0.464
252,2024-08-22 10:35:00,0.463
253,2024-08-22 10:40:00,0.463
254,2024-08-22 10:45:00,0.464
255,2024-08-22 10:50:00,0.464
256,2024-08-22 10:55:00,0.463
257,2024-08-22 11:00:00,0.462
258,2024-08-22 11:05:00,0.462
259,2024-08-22 11:10:00,0.461
260,2024-08-22 11:15:00,0.462
261,2024-08-22 11:20:00,0.462
262,2024-08-22 11:25:00,0.463
263,2024-08-22 11:30:00,0.463
264,2024-08-22 13:05:00,0.464
265,2024-08-22 13:10:00,0.464
266,2024-08-22 13:15:00,0.464
267,2024-08-22 13:20:00,0.464
268,2024-08-22 13:25:00,0.464
269,2024-08-22 13:30:00,0.465
270,2024-08-22 13:35:00,0.464
271,2024-08-22 13:40:00,0.465
272,2024-08-22 13:45:00,0.465
273,2024-08-22 13:50:00,0.465
274,2024-08-22 13:55:00,0.464
275,2024-08-22 14:00:00,0.465
276,2024-08-22 14:05:00,0.464
277,2024-08-22 14:10:00,0.465
278,2024-08-22 14:15:00,0.464
279,2024-08-22 14:20:00,0.464
280,2024-08-22 14:25:00,0.465
281,2024-08-22 14:30:00,0.465
282,2024-08-22 14:35:00,0.465
283,2024-08-22 14:40:00,0.466
284,2024-08-22 14:45:00,0.466
285,2024-08-22 14:50:00,0.466
286,2024-08-22 14:55:00,0.466
287,2024-08-22 15:00:00,0.468
288,2024-08-23 09:35:00,0.464
289,2024-08-23 09:40:00,0.464
290,2024-08-23 09:45:00,0.464
291,2024-08-23 09:50:00,0.463
292,2024-08-23 09:55:00,0.463
293,2024-08-23 10:00:00,0.463
294,2024-08-23 10:05:00,0.463
295,2024-08-23 10:10:00,0.463
296,2024-08-23 10:15:00,0.463
297,2024-08-23 10:20:00,0.462
298,2024-08-23 10:25:00,0.462
299,2024-08-23 10:30:00,0.462
300,2024-08-23 10:35:00,0.462
301,2024-08-23 10:40:00,0.462
302,2024-08-23 10:45:00,0.462
303,2024-08-23 10:50:00,0.462
304,2024-08-23 10:55:00,0.462
305,2024-08-23 11:00:00,0.462
306,2024-08-23 11:05:00,0.462
307,2024-08-23 11:10:00,0.463
308,2024-08-23 11:15:00,0.463
309,2024-08-23 11:20:00,0.464
310,2024-08-23 11:25:00,0.465
311,2024-08-23 11:30:00,0.464
312,2024-08-23 13:05:00,0.465
313,2024-08-23 13:10:00,0.464
314,2024-08-23 13:15:00,0.464
315,2024-08-23 13:20:00,0.463
316,2024-08-23 13:25:00,0.464
317,2024-08-23 13:30:00,0.464
318,2024-08-23 13:35:00,0.463
319,2024-08-23 13:40:00,0.464
320,2024-08-23 13:45:00,0.464
321,2024-08-23 13:50:00,0.464
322,2024-08-23 13:55:00,0.464
323,2024-08-23 14:00:00,0.464
324,2024-08-23 14:05:00,0.464
325,2024-08-23 14:10:00,0.464
326,2024-08-23 14:15:00,0.463
327,2024-08-23 14:20:00,0.463
328,2024-08-23 14:25:00,0.463
329,2024-08-23 14:30:00,0.463
330,2024-08-23 14:35:00,0.463
331,2024-08-23 14:40:00,0.463
332,2024-08-23 14:45:00,0.463
333,2024-08-23 14:50:00,0.463
334,2024-08-23 14:55:00,0.463
335,2024-08-23 15:00:00,0.464
336,2024-08-26 09:35:00,0.469
337,2024-08-26 09:40:00,0.47
338,2024-08-26 09:45:00,0.47
339,2024-08-26 09:50:00,0.471
340,2024-08-26 09:55:00,0.47
341,2024-08-26 10:00:00,0.47
342,2024-08-26 10:05:00,0.471
343,2024-08-26 10:10:00,0.471
344,2024-08-26 10:15:00,0.47
345,2024-08-26 10:20:00,0.469
346,2024-08-26 10:25:00,0.468
347,2024-08-26 10:30:00,0.468
348,2024-08-26 10:35:00,0.468
349,2024-08-26 10:40:00,0.467
350,2024-08-26 10:45:00,0.468
351,2024-08-26 10:50:00,0.467
352,2024-08-26 10:55:00,0.467
353,2024-08-26 11:00:00,0.467
354,2024-08-26 11:05:00,0.467
355,2024-08-26 11:10:00,0.468
356,2024-08-26 11:15:00,0.467
357,2024-08-26 11:20:00,0.468
358,2024-08-26 11:25:00,0.468
359,2024-08-26 11:30:00,0.468
360,2024-08-26 13:05:00,0.468
361,2024-08-26 13:10:00,0.467
362,2024-08-26 13:15:00,0.467
363,2024-08-26 13:20:00,0.466
364,2024-08-26 13:25:00,0.467
365,2024-08-26 13:30:00,0.467
366,2024-08-26 13:35:00,0.467
367,2024-08-26 13:40:00,0.467
368,2024-08-26 13:45:00,0.467
369,2024-08-26 13:50:00,0.467
370,2024-08-26 13:55:00,0.467
371,2024-08-26 14:00:00,0.466
372,2024-08-26 14:05:00,0.466
373,2024-08-26 14:10:00,0.467
374,2024-08-26 14:15:00,0.467
375,2024-08-26 14:20:00,0.467
376,2024-08-26 14:25:00,0.467
377,2024-08-26 14:30:00,0.467
378,2024-08-26 14:35:00,0.468
379,2024-08-26 14:40:00,0.468
380,2024-08-26 14:45:00,0.468
381,2024-08-26 14:50:00,0.468
382,2024-08-26 14:55:00,0.469
383,2024-08-26 15:00:00,0.469
384,2024-08-27 09:35:00,0.464
385,2024-08-27 09:40:00,0.463
386,2024-08-27 09:45:00,0.463
387,2024-08-27 09:50:00,0.462
388,2024-08-27 09:55:00,0.462
389,2024-08-27 10:00:00,0.463
390,2024-08-27 10:05:00,0.463
391,2024-08-27 10:10:00,0.463
392,2024-08-27 10:15:00,0.463
393,2024-08-27 10:20:00,0.463
394,2024-08-27 10:25:00,0.463
395,2024-08-27 10:30:00,0.464
396,2024-08-27 10:35:00,0.465
397,2024-08-27 10:40:00,0.465
398,2024-08-27 10:45:00,0.465
399,2024-08-27 10:50:00,0.466
400,2024-08-27 10:55:00,0.466
401,2024-08-27 11:00:00,0.466
402,2024-08-27 11:05:00,0.465
403,2024-08-27 11:10:00,0.465
404,2024-08-27 11:15:00,0.465
405,2024-08-27 11:20:00,0.465
406,2024-08-27 11:25:00,0.466
407,2024-08-27 11:30:00,0.466
408,2024-08-27 13:05:00,0.466
409,2024-08-27 13:10:00,0.466
410,2024-08-27 13:15:00,0.466
411,2024-08-27 13:20:00,0.466
412,2024-08-27 13:25:00,0.466
413,2024-08-27 13:30:00,0.466
414,2024-08-27 13:35:00,0.466
415,2024-08-27 13:40:00,0.466
416,2024-08-27 13:45:00,0.466
417,2024-08-27 13:50:00,0.467
418,2024-08-27 13:55:00,0.467
419,2024-08-27 14:00:00,0.467
420,2024-08-27 14:05:00,0.467
421,2024-08-27 14:10:00,0.467
422,2024-08-27 14:15:00,0.467
423,2024-08-27 14:20:00,0.467
424,2024-08-27 14:25:00,0.467
425,2024-08-27 14:30:00,0.467
426,2024-08-27 14:35:00,0.466
427,2024-08-27 14:40:00,0.466
428,2024-08-27 14:45:00,0.466
429,2024-08-27 14:50:00,0.466
430,2024-08-27 14:55:00,0.467
431,2024-08-27 15:00:00,0.467
432,2024-08-28 09:35:00,0.466
433,2024-08-28 09:40:00,0.465
434,2024-08-28 09:45:00,0.464
435,2024-08-28 09:50:00,0.464
436,2024-08-28 09:55:00,0.464
437,2024-08-28 10:00:00,0.463
438,2024-08-28 10:05:00,0.463
439,2024-08-28 10:10:00,0.462
440,2024-08-28 10:15:00,0.461
441,2024-08-28 10:20:00,0.461
442,2024-08-28 10:25:00,0.461
443,2024-08-28 10:30:00,0.46
444,2024-08-28 10:35:00,0.459
445,2024-08-28 10:40:00,0.46
446,2024-08-28 10:45:00,0.46
447,2024-08-28 10:50:00,0.461
448,2024-08-28 10:55:00,0.461
449,2024-08-28 11:00:00,0.461
450,2024-08-28 11:05:00,0.461
451,2024-08-28 11:10:00,0.46
452,2024-08-28 11:15:00,0.46
453,2024-08-28 11:20:00,0.461
454,2024-08-28 11:25:00,0.461
455,2024-08-28 11:30:00,0.461
456,2024-08-28 13:05:00,0.46
457,2024-08-28 13:10:00,0.46
458,2024-08-28 13:15:00,0.46
459,2024-08-28 13:20:00,0.46
460,2024-08-28 13:25:00,0.46
461,2024-08-28 13:30:00,0.46
462,2024-08-28 13:35:00,0.46
463,2024-08-28 13:40:00,0.46
464,2024-08-28 13:45:00,0.46
465,2024-08-28 13:50:00,0.461
466,2024-08-28 13:55:00,0.462
467,2024-08-28 14:00:00,0.462
468,2024-08-28 14:05:00,0.462
469,2024-08-28 14:10:00,0.462
470,2024-08-28 14:15:00,0.461
471,2024-08-28 14:20:00,0.462
472,2024-08-28 14:25:00,0.462
473,2024-08-28 14:30:00,0.462
474,2024-08-28 14:35:00,0.462
475,2024-08-28 14:40:00,0.462
476,2024-08-28 14:45:00,0.462
477,2024-08-28 14:50:00,0.462
478,2024-08-28 14:55:00,0.462
479,2024-08-28 15:00:00,0.462
480,2024-08-29 09:35:00,0.455
481,2024-08-29 09:40:00,0.453
482,2024-08-29 09:45:00,0.454
483,2024-08-29 09:50:00,0.455
484,2024-08-29 09:55:00,0.455
485,2024-08-29 10:00:00,0.454
486,2024-08-29 10:05:00,0.453
487,2024-08-29 10:10:00,0.453
488,2024-08-29 10:15:00,0.454
489,2024-08-29 10:20:00,0.454
490,2024-08-29 10:25:00,0.454
491,2024-08-29 10:30:00,0.453
492,2024-08-29 10:35:00,0.454
493,2024-08-29 10:40:00,0.454
494,2024-08-29 10:45:00,0.455
495,2024-08-29 10:50:00,0.456
496,2024-08-29 10:55:00,0.457
497,2024-08-29 11:00:00,0.457
498,2024-08-29 11:05:00,0.456
499,2024-08-29 11:10:00,0.456
500,2024-08-29 11:15:00,0.456
501,2024-08-29 11:20:00,0.456
502,2024-08-29 11:25:00,0.457
503,2024-08-29 11:30:00,0.457
504,2024-08-29 13:05:00,0.459
505,2024-08-29 13:10:00,0.459
506,2024-08-29 13:15:00,0.461
507,2024-08-29 13:20:00,0.461
508,2024-08-29 13:25:00,0.461
509,2024-08-29 13:30:00,0.461
510,2024-08-29 13:35:00,0.461
511,2024-08-29 13:40:00,0.462
512,2024-08-29 13:45:00,0.462
513,2024-08-29 13:50:00,0.461
514,2024-08-29 13:55:00,0.461
515,2024-08-29 14:00:00,0.461
516,2024-08-29 14:05:00,0.462
517,2024-08-29 14:10:00,0.462
518,2024-08-29 14:15:00,0.462
519,2024-08-29 14:20:00,0.461
520,2024-08-29 14:25:00,0.461
521,2024-08-29 14:30:00,0.462
522,2024-08-29 14:35:00,0.462
523,2024-08-29 14:40:00,0.461
524,2024-08-29 14:45:00,0.462
525,2024-08-29 14:50:00,0.461
526,2024-08-29 14:55:00,0.461
527,2024-08-29 15:00:00,0.461
528,2024-08-30 09:35:00,0.466
529,2024-08-30 09:40:00,0.466
530,2024-08-30 09:45:00,0.468
531,2024-08-30 09:50:00,0.47
532,2024-08-30 09:55:00,0.471
533,2024-08-30 10:00:00,0.471
534,2024-08-30 10:05:00,0.472
535,2024-08-30 10:10:00,0.472
536,2024-08-30 10:15:00,0.47
537,2024-08-30 10:20:00,0.469
538,2024-08-30 10:25:00,0.47
539,2024-08-30 10:30:00,0.47
540,2024-08-30 10:35:00,0.471
541,2024-08-30 10:40:00,0.471
542,2024-08-30 10:45:00,0.471
543,2024-08-30 10:50:00,0.471
544,2024-08-30 10:55:00,0.473
545,2024-08-30 11:00:00,0.473
546,2024-08-30 11:05:00,0.474
547,2024-08-30 11:10:00,0.474
548,2024-08-30 11:15:00,0.473
549,2024-08-30 11:20:00,0.473
550,2024-08-30 11:25:00,0.474
551,2024-08-30 11:30:00,0.475
552,2024-08-30 13:05:00,0.478
553,2024-08-30 13:10:00,0.48
554,2024-08-30 13:15:00,0.48
555,2024-08-30 13:20:00,0.48
556,2024-08-30 13:25:00,0.48
557,2024-08-30 13:30:00,0.48
558,2024-08-30 13:35:00,0.48
559,2024-08-30 13:40:00,0.482
560,2024-08-30 13:45:00,0.482
561,2024-08-30 13:50:00,0.482
562,2024-08-30 13:55:00,0.481
563,2024-08-30 14:00:00,0.481
564,2024-08-30 14:05:00,0.48
565,2024-08-30 14:10:00,0.48
566,2024-08-30 14:15:00,0.479
567,2024-08-30 14:20:00,0.479
568,2024-08-30 14:25:00,0.478
569,2024-08-30 14:30:00,0.479
570,2024-08-30 14:35:00,0.478
571,2024-08-30 14:40:00,0.478
572,2024-08-30 14:45:00,0.478
573,2024-08-30 14:50:00,0.478
574,2024-08-30 14:55:00,0.477
575,2024-08-30 15:00:00,0.477
576,2024-09-02 09:35:00,0.472
577,2024-09-02 09:40:00,0.471
578,2024-09-02 09:45:00,0.47
579,2024-09-02 09:50:00,0.47
580,2024-09-02 09:55:00,0.47
581,2024-09-02 10:00:00,0.468
582,2024-09-02 10:05:00,0.468
583,2024-09-02 10:10:00,0.468
584,2024-09-02 10:15:00,0.468
585,2024-09-02 10:20:00,0.468
586,2024-09-02 10:25:00,0.468
587,2024-09-02 10:30:00,0.468
588,2024-09-02 10:35:00,0.468
589,2024-09-02 10:40:00,0.468
590,2024-09-02 10:45:00,0.468
591,2024-09-02 10:50:00,0.468
592,2024-09-02 10:55:00,0.468
593,2024-09-02 11:00:00,0.468
594,2024-09-02 11:05:00,0.467
595,2024-09-02 11:10:00,0.467
596,2024-09-02 11:15:00,0.467
597,2024-09-02 11:20:00,0.467
598,2024-09-02 11:25:00,0.467
599,2024-09-02 11:30:00,0.467
600,2024-09-02 13:05:00,0.467
601,2024-09-02 13:10:00,0.467
602,2024-09-02 13:15:00,0.467
603,2024-09-02 13:20:00,0.467
604,2024-09-02 13:25:00,0.467
605,2024-09-02 13:30:00,0.467
606,2024-09-02 13:35:00,0.468
607,2024-09-02 13:40:00,0.467
608,2024-09-02 13:45:00,0.468
609,2024-09-02 13:50:00,0.467
610,2024-09-02 13:55:00,0.467
611,2024-09-02 14:00:00,0.466
612,2024-09-02 14:05:00,0.467
613,2024-09-02 14:10:00,0.467
614,2024-09-02 14:15:00,0.466
615,2024-09-02 14:20:00,0.466
616,2024-09-02 14:25:00,0.466
617,2024-09-02 14:30:00,0.466
618,2024-09-02 14:35:00,0.466
619,2024-09-02 14:40:00,0.466
620,2024-09-02 14:45:00,0.466
621,2024-09-02 14:50:00,0.466
622,2024-09-02 14:55:00,0.465
623,2024-09-02 15:00:00,0.465
624,2024-09-03 09:35:00,0.468
625,2024-09-03 09:40:00,0.467
626,2024-09-03 09:45:00,0.466
627,2024-09-03 09:50:00,0.468
628,2024-09-03 09:55:00,0.468
629,2024-09-03 10:00:00,0.468
630,2024-09-03 10:05:00,0.468
631,2024-09-03 10:10:00,0.469
632,2024-09-03 10:15:00,0.472
633,2024-09-03 10:20:00,0.472
634,2024-09-03 10:25:00,0.47
635,2024-09-03 10:30:00,0.47
636,2024-09-03 10:35:00,0.471
637,2024-09-03 10:40:00,0.471
638,2024-09-03 10:45:00,0.471
639,2024-09-03 10:50:00,0.472
640,2024-09-03 10:55:00,0.471
641,2024-09-03 11:00:00,0.47
642,2024-09-03 11:05:00,0.469
643,2024-09-03 11:10:00,0.469
644,2024-09-03 11:15:00,0.468
645,2024-09-03 11:20:00,0.469
646,2024-09-03 11:25:00,0.468
647,2024-09-03 11:30:00,0.468
648,2024-09-03 13:05:00,0.468
649,2024-09-03 13:10:00,0.468
650,2024-09-03 13:15:00,0.467
651,2024-09-03 13:20:00,0.467
652,2024-09-03 13:25:00,0.466
653,2024-09-03 13:30:00,0.466
654,2024-09-03 13:35:00,0.467
655,2024-09-03 13:40:00,0.467
656,2024-09-03 13:45:00,0.466
657,2024-09-03 13:50:00,0.466
658,2024-09-03 13:55:00,0.466
659,2024-09-03 14:00:00,0.466
660,2024-09-03 14:05:00,0.466
661,2024-09-03 14:10:00,0.467
662,2024-09-03 14:15:00,0.467
663,2024-09-03 14:20:00,0.467
664,2024-09-03 14:25:00,0.467
665,2024-09-03 14:30:00,0.467
666,2024-09-03 14:35:00,0.467
667,2024-09-03 14:40:00,0.467
668,2024-09-03 14:45:00,0.467
669,2024-09-03 14:50:00,0.467
670,2024-09-03 14:55:00,0.467
671,2024-09-03 15:00:00,0.466
672,2024-09-04 09:35:00,0.466
673,2024-09-04 09:40:00,0.463
674,2024-09-04 09:45:00,0.464
675,2024-09-04 09:50:00,0.463
676,2024-09-04 09:55:00,0.462
677,2024-09-04 10:00:00,0.462
678,2024-09-04 10:05:00,0.462
679,2024-09-04 10:10:00,0.462
680,2024-09-04 10:15:00,0.461
681,2024-09-04 10:20:00,0.462
682,2024-09-04 10:25:00,0.461
683,2024-09-04 10:30:00,0.462
684,2024-09-04 10:35:00,0.462
685,2024-09-04 10:40:00,0.464
686,2024-09-04 10:45:00,0.464
687,2024-09-04 10:50:00,0.464
688,2024-09-04 10:55:00,0.465
689,2024-09-04 11:00:00,0.466
690,2024-09-04 11:05:00,0.467
691,2024-09-04 11:10:00,0.467
692,2024-09-04 11:15:00,0.466
693,2024-09-04 11:20:00,0.466
694,2024-09-04 11:25:00,0.466
695,2024-09-04 11:30:00,0.466
696,2024-09-04 13:05:00,0.465
697,2024-09-04 13:10:00,0.464
698,2024-09-04 13:15:00,0.464
699,2024-09-04 13:20:00,0.464
700,2024-09-04 13:25:00,0.464
701,2024-09-04 13:30:00,0.464
702,2024-09-04 13:35:00,0.464
703,2024-09-04 13:40:00,0.464
704,2024-09-04 13:45:00,0.465
705,2024-09-04 13:50:00,0.465
706,2024-09-04 13:55:00,0.465
707,2024-09-04 14:00:00,0.465
708,2024-09-04 14:05:00,0.465
709,2024-09-04 14:10:00,0.465
710,2024-09-04 14:15:00,0.464
711,2024-09-04 14:20:00,0.464
712,2024-09-04 14:25:00,0.464
713,2024-09-04 14:30:00,0.464
714,2024-09-04 14:35:00,0.464
715,2024-09-04 14:40:00,0.464
716,2024-09-04 14:45:00,0.464
717,2024-09-04 14:50:00,0.464
718,2024-09-04 14:55:00,0.464
719,2024-09-04 15:00:00,0.464
720,2024-09-05 09:35:00,0.468
721,2024-09-05 09:40:00,0.467
722,2024-09-05 09:45:00,0.468
723,2024-09-05 09:50:00,0.466
724,2024-09-05 09:55:00,0.464
725,2024-09-05 10:00:00,0.464
726,2024-09-05 10:05:00,0.465
727,2024-09-05 10:10:00,0.466
728,2024-09-05 10:15:00,0.466
729,2024-09-05 10:20:00,0.465
730,2024-09-05 10:25:00,0.465
731,2024-09-05 10:30:00,0.466
732,2024-09-05 10:35:00,0.467
733,2024-09-05 10:40:00,0.467
734,2024-09-05 10:45:00,0.465
735,2024-09-05 10:50:00,0.465
736,2024-09-05 10:55:00,0.465
737,2024-09-05 11:00:00,0.465
738,2024-09-05 11:05:00,0.464
739,2024-09-05 11:10:00,0.464
740,2024-09-05 11:15:00,0.463
741,2024-09-05 11:20:00,0.464
742,2024-09-05 11:25:00,0.464
743,2024-09-05 11:30:00,0.463
744,2024-09-05 13:05:00,0.463
745,2024-09-05 13:10:00,0.463
746,2024-09-05 13:15:00,0.463
747,2024-09-05 13:20:00,0.463
748,2024-09-05 13:25:00,0.463
749,2024-09-05 13:30:00,0.464
750,2024-09-05 13:35:00,0.464
751,2024-09-05 13:40:00,0.464
752,2024-09-05 13:45:00,0.464
753,2024-09-05 13:50:00,0.463
754,2024-09-05 13:55:00,0.463
755,2024-09-05 14:00:00,0.463
756,2024-09-05 14:05:00,0.463
757,2024-09-05 14:10:00,0.463
758,2024-09-05 14:15:00,0.464
759,2024-09-05 14:20:00,0.464
760,2024-09-05 14:25:00,0.464
761,2024-09-05 14:30:00,0.463
762,2024-09-05 14:35:00,0.464
763,2024-09-05 14:40:00,0.464
764,2024-09-05 14:45:00,0.464
765,2024-09-05 14:50:00,0.464
766,2024-09-05 14:55:00,0.464
767,2024-09-05 15:00:00,0.464
768,2024-09-06 09:35:00,0.465
769,2024-09-06 09:40:00,0.465
770,2024-09-06 09:45:00,0.466
771,2024-09-06 09:50:00,0.466
772,2024-09-06 09:55:00,0.466
773,2024-09-06 10:00:00,0.466
774,2024-09-06 10:05:00,0.466
775,2024-09-06 10:10:00,0.466
776,2024-09-06 10:15:00,0.466
777,2024-09-06 10:20:00,0.466
778,2024-09-06 10:25:00,0.466
779,2024-09-06 10:30:00,0.466
780,2024-09-06 10:35:00,0.466
781,2024-09-06 10:40:00,0.465
782,2024-09-06 10:45:00,0.465
783,2024-09-06 10:50:00,0.465
784,2024-09-06 10:55:00,0.465
785,2024-09-06 11:00:00,0.465
786,2024-09-06 11:05:00,0.465
787,2024-09-06 11:10:00,0.465
788,2024-09-06 11:15:00,0.465
789,2024-09-06 11:20:00,0.465
790,2024-09-06 11:25:00,0.465
791,2024-09-06 11:30:00,0.464
792,2024-09-06 13:05:00,0.464
793,2024-09-06 13:10:00,0.464
794,2024-09-06 13:15:00,0.464
795,2024-09-06 13:20:00,0.464
796,2024-09-06 13:25:00,0.464
797,2024-09-06 13:30:00,0.464
798,2024-09-06 13:35:00,0.463
799,2024-09-06 13:40:00,0.463
800,2024-09-06 13:45:00,0.463
801,2024-09-06 13:50:00,0.463
802,2024-09-06 13:55:00,0.463
803,2024-09-06 14:00:00,0.463
804,2024-09-06 14:05:00,0.463
805,2024-09-06 14:10:00,0.463
806,2024-09-06 14:15:00,0.463
807,2024-09-06 14:20:00,0.463
808,2024-09-06 14:25:00,0.463
809,2024-09-06 14:30:00,0.463
810,2024-09-06 14:35:00,0.463
811,2024-09-06 14:40:00,0.462
812,2024-09-06 14:45:00,0.462
813,2024-09-06 14:50:00,0.461
814,2024-09-06 14:55:00,0.461
815,2024-09-06 15:00:00,0.461
816,2024-09-09 09:35:00,0.461
817,2024-09-09 09:40:00,0.46
818,2024-09-09 09:45:00,0.459
819,2024-09-09 09:50:00,0.459
820,2024-09-09 09:55:00,0.459
821,2024-09-09 10:00:00,0.459
822,2024-09-09 10:05:00,0.46
823,2024-09-09 10:10:00,0.459
824,2024-09-09 10:15:00,0.458
825,2024-09-09 10:20:00,0.458
826,2024-09-09 10:25:00,0.458
827,2024-09-09 10:30:00,0.459
828,2024-09-09 10:35:00,0.458
829,2024-09-09 10:40:00,0.458
830,2024-09-09 10:45:00,0.458
831,2024-09-09 10:50:00,0.458
832,2024-09-09 10:55:00,0.458
833,2024-09-09 11:00:00,0.457
834,2024-09-09 11:05:00,0.457
835,2024-09-09 11:10:00,0.457
836,2024-09-09 11:15:00,0.458
837,2024-09-09 11:20:00,0.458
838,2024-09-09 11:25:00,0.458
839,2024-09-09 11:30:00,0.458
840,2024-09-09 13:05:00,0.458
841,2024-09-09 13:10:00,0.457
842,2024-09-09 13:15:00,0.457
843,2024-09-09 13:20:00,0.457
844,2024-09-09 13:25:00,0.458
845,2024-09-09 13:30:00,0.458
846,2024-09-09 13:35:00,0.458
847,2024-09-09 13:40:00,0.458
848,2024-09-09 13:45:00,0.458
849,2024-09-09 13:50:00,0.458
850,2024-09-09 13:55:00,0.459
851,2024-09-09 14:00:00,0.458
852,2024-09-09 14:05:00,0.458
853,2024-09-09 14:10:00,0.458
854,2024-09-09 14:15:00,0.458
855,2024-09-09 14:20:00,0.457
856,2024-09-09 14:25:00,0.457
857,2024-09-09 14:30:00,0.457
858,2024-09-09 14:35:00,0.457
859,2024-09-09 14:40:00,0.457
860,2024-09-09 14:45:00,0.457
861,2024-09-09 14:50:00,0.457
862,2024-09-09 14:55:00,0.457
863,2024-09-09 15:00:00,0.457
864,2024-09-10 09:35:00,0.462
865,2024-09-10 09:40:00,0.461
866,2024-09-10 09:45:00,0.461
867,2024-09-10 09:50:00,0.459
868,2024-09-10 09:55:00,0.458
869,2024-09-10 10:00:00,0.459
870,2024-09-10 10:05:00,0.458
871,2024-09-10 10:10:00,0.457
872,2024-09-10 10:15:00,0.457
873,2024-09-10 10:20:00,0.458
874,2024-09-10 10:25:00,0.458
875,2024-09-10 10:30:00,0.458
876,2024-09-10 10:35:00,0.458
877,2024-09-10 10:40:00,0.46
878,2024-09-10 10:45:00,0.46
879,2024-09-10 10:50:00,0.461
880,2024-09-10 10:55:00,0.461
881,2024-09-10 11:00:00,0.461
882,2024-09-10 11:05:00,0.461
883,2024-09-10 11:10:00,0.461
884,2024-09-10 11:15:00,0.461
885,2024-09-10 11:20:00,0.461
886,2024-09-10 11:25:00,0.461
887,2024-09-10 11:30:00,0.46
888,2024-09-10 13:05:00,0.46
889,2024-09-10 13:10:00,0.461
890,2024-09-10 13:15:00,0.461
891,2024-09-10 13:20:00,0.462
892,2024-09-10 13:25:00,0.462
893,2024-09-10 13:30:00,0.461
894,2024-09-10 13:35:00,0.461
895,2024-09-10 13:40:00,0.461
896,2024-09-10 13:45:00,0.461
897,2024-09-10 13:50:00,0.461
898,2024-09-10 13:55:00,0.462
899,2024-09-10 14:00:00,0.463
900,2024-09-10 14:05:00,0.463
901,2024-09-10 14:10:00,0.463
902,2024-09-10 14:15:00,0.464
903,2024-09-10 14:20:00,0.464
904,2024-09-10 14:25:00,0.463
905,2024-09-10 14:30:00,0.462
906,2024-09-10 14:35:00,0.463
907,2024-09-10 14:40:00,0.463
908,2024-09-10 14:45:00,0.463
909,2024-09-10 14:50:00,0.463
910,2024-09-10 14:55:00,0.463
911,2024-09-10 15:00:00,0.463
912,2024-09-11 09:35:00,0.46
913,2024-09-11 09:40:00,0.459
914,2024-09-11 09:45:00,0.46
915,2024-09-11 09:50:00,0.461
916,2024-09-11 09:55:00,0.461
917,2024-09-11 10:00:00,0.461
918,2024-09-11 10:05:00,0.461
919,2024-09-11 10:10:00,0.461
920,2024-09-11 10:15:00,0.461
921,2024-09-11 10:20:00,0.461
922,2024-09-11 10:25:00,0.461
923,2024-09-11 10:30:00,0.461
924,2024-09-11 10:35:00,0.461
925,2024-09-11 10:40:00,0.461
926,2024-09-11 10:45:00,0.461
927,2024-09-11 10:50:00,0.461
928,2024-09-11 10:55:00,0.46
929,2024-09-11 11:00:00,0.46
930,2024-09-11 11:05:00,0.46
931,2024-09-11 11:10:00,0.459
932,2024-09-11 11:15:00,0.459
933,2024-09-11 11:20:00,0.459
934,2024-09-11 11:25:00,0.458
935,2024-09-11 11:30:00,0.458
936,2024-09-11 13:05:00,0.459
937,2024-09-11 13:10:00,0.459
938,2024-09-11 13:15:00,0.459
939,2024-09-11 13:20:00,0.459
940,2024-09-11 13:25:00,0.459
941,2024-09-11 13:30:00,0.458
942,2024-09-11 13:35:00,0.458
943,2024-09-11 13:40:00,0.458
944,2024-09-11 13:45:00,0.458
945,2024-09-11 13:50:00,0.458
946,2024-09-11 13:55:00,0.459
947,2024-09-11 14:00:00,0.459
948,2024-09-11 14:05:00,0.46
949,2024-09-11 14:10:00,0.46
950,2024-09-11 14:15:00,0.46
951,2024-09-11 14:20:00,0.461
952,2024-09-11 14:25:00,0.461
953,2024-09-11 14:30:00,0.462
954,2024-09-11 14:35:00,0.462
955,2024-09-11 14:40:00,0.462
956,2024-09-11 14:45:00,0.462
957,2024-09-11 14:50:00,0.461
958,2024-09-11 14:55:00,0.461
959,2024-09-11 15:00:00,0.461
960,2024-09-12 09:35:00,0.468
961,2024-09-12 09:40:00,0.469
962,2024-09-12 09:45:00,0.468
963,2024-09-12 09:50:00,0.469
964,2024-09-12 09:55:00,0.467
965,2024-09-12 10:00:00,0.468
966,2024-09-12 10:05:00,0.468
967,2024-09-12 10:10:00,0.467
968,2024-09-12 10:15:00,0.465
969,2024-09-12 10:20:00,0.466
970,2024-09-12 10:25:00,0.467
971,2024-09-12 10:30:00,0.468
972,2024-09-12 10:35:00,0.469
973,2024-09-12 10:40:00,0.468
974,2024-09-12 10:45:00,0.467
975,2024-09-12 10:50:00,0.467
976,2024-09-12 10:55:00,0.467
977,2024-09-12 11:00:00,0.467
978,2024-09-12 11:05:00,0.467
979,2024-09-12 11:10:00,0.467
980,2024-09-12 11:15:00,0.468
981,2024-09-12 11:20:00,0.468
982,2024-09-12 11:25:00,0.468
983,2024-09-12 11:30:00,0.469
984,2024-09-12 13:05:00,0.468
985,2024-09-12 13:10:00,0.468
986,2024-09-12 13:15:00,0.468
987,2024-09-12 13:20:00,0.469
988,2024-09-12 13:25:00,0.469
989,2024-09-12 13:30:00,0.469
990,2024-09-12 13:35:00,0.468
991,2024-09-12 13:40:00,0.468
992,2024-09-12 13:45:00,0.468
993,2024-09-12 13:50:00,0.469
994,2024-09-12 13:55:00,0.469
995,2024-09-12 14:00:00,0.468
996,2024-09-12 14:05:00,0.468
997,2024-09-12 14:10:00,0.467
998,2024-09-12 14:15:00,0.467
999,2024-09-12 14:20:00,0.467
1000,2024-09-12 14:25:00,0.467
1001,2024-09-12 14:30:00,0.467
1002,2024-09-12 14:35:00,0.467
1003,2024-09-12 14:40:00,0.467
1004,2024-09-12 14:45:00,0.467
1005,2024-09-12 14:50:00,0.467
1006,2024-09-12 14:55:00,0.467
1007,2024-09-12 15:00:00,0.467
1008,2024-09-13 09:35:00,0.467
1009,2024-09-13 09:40:00,0.467
1010,2024-09-13 09:45:00,0.468
1011,2024-09-13 09:50:00,0.468
1012,2024-09-13 09:55:00,0.469
1013,2024-09-13 10:00:00,0.47
1014,2024-09-13 10:05:00,0.47
1015,2024-09-13 10:10:00,0.469
1016,2024-09-13 10:15:00,0.47
1017,2024-09-13 10:20:00,0.47
1018,2024-09-13 10:25:00,0.471
1019,2024-09-13 10:30:00,0.471
1020,2024-09-13 10:35:00,0.47
1021,2024-09-13 10:40:00,0.47
1022,2024-09-13 10:45:00,0.47
1023,2024-09-13 10:50:00,0.469
1024,2024-09-13 10:55:00,0.468
1025,2024-09-13 11:00:00,0.468
1026,2024-09-13 11:05:00,0.468
1027,2024-09-13 11:10:00,0.468
1028,2024-09-13 11:15:00,0.468
1029,2024-09-13 11:20:00,0.468
1030,2024-09-13 11:25:00,0.468
1031,2024-09-13 11:30:00,0.468
1032,2024-09-13 13:05:00,0.468
1033,2024-09-13 13:10:00,0.467
1034,2024-09-13 13:15:00,0.467
1035,2024-09-13 13:20:00,0.467
1036,2024-09-13 13:25:00,0.467
1037,2024-09-13 13:30:00,0.467
1038,2024-09-13 13:35:00,0.467
1039,2024-09-13 13:40:00,0.467
1040,2024-09-13 13:45:00,0.467
1041,2024-09-13 13:50:00,0.467
1042,2024-09-13 13:55:00,0.466
1043,2024-09-13 14:00:00,0.466
1044,2024-09-13 14:05:00,0.466
1045,2024-09-13 14:10:00,0.466
1046,2024-09-13 14:15:00,0.466
1047,2024-09-13 14:20:00,0.465
1048,2024-09-13 14:25:00,0.465
1049,2024-09-13 14:30:00,0.465
1050,2024-09-13 14:35:00,0.465
1051,2024-09-13 14:40:00,0.465
1052,2024-09-13 14:45:00,0.465
1053,2024-09-13 14:50:00,0.465
1054,2024-09-13 14:55:00,0.465
1055,2024-09-13 15:00:00,0.465
1056,2024-09-18 09:35:00,0.473
1057,2024-09-18 09:40:00,0.472
1058,2024-09-18 09:45:00,0.472
1059,2024-09-18 09:50:00,0.472
1060,2024-09-18 09:55:00,0.471
1061,2024-09-18 10:00:00,0.471
1062,2024-09-18 10:05:00,0.471
1063,2024-09-18 10:10:00,0.471
1064,2024-09-18 10:15:00,0.471
1065,2024-09-18 10:20:00,0.471
1066,2024-09-18 10:25:00,0.471
1067,2024-09-18 10:30:00,0.471
1068,2024-09-18 10:35:00,0.471
1069,2024-09-18 10:40:00,0.471
1070,2024-09-18 10:45:00,0.471
1071,2024-09-18 10:50:00,0.471
1072,2024-09-18 10:55:00,0.471
1073,2024-09-18 11:00:00,0.471
1074,2024-09-18 11:05:00,0.471
1075,2024-09-18 11:10:00,0.471
1076,2024-09-18 11:15:00,0.471
1077,2024-09-18 11:20:00,0.471
1078,2024-09-18 11:25:00,0.471
1079,2024-09-18 11:30:00,0.471
1080,2024-09-18 13:05:00,0.471
1081,2024-09-18 13:10:00,0.47
1082,2024-09-18 13:15:00,0.47
1083,2024-09-18 13:20:00,0.47
1084,2024-09-18 13:25:00,0.47
1085,2024-09-18 13:30:00,0.47
1086,2024-09-18 13:35:00,0.47
1087,2024-09-18 13:40:00,0.47
1088,2024-09-18 13:45:00,0.47
1089,2024-09-18 13:50:00,0.471
1090,2024-09-18 13:55:00,0.471
1091,2024-09-18 14:00:00,0.471
1092,2024-09-18 14:05:00,0.471
1093,2024-09-18 14:10:00,0.472
1094,2024-09-18 14:15:00,0.472
1095,2024-09-18 14:20:00,0.472
1096,2024-09-18 14:25:00,0.472
1097,2024-09-18 14:30:00,0.472
1098,2024-09-18 14:35:00,0.472
1099,2024-09-18 14:40:00,0.472
1100,2024-09-18 14:45:00,0.472
1101,2024-09-18 14:50:00,0.472
1102,2024-09-18 14:55:00,0.472
1103,2024-09-18 15:00:00,0.473
1104,2024-09-19 09:35:00,0.473
1105,2024-09-19 09:40:00,0.474
1106,2024-09-19 09:45:00,0.475
1107,2024-09-19 09:50:00,0.473
1108,2024-09-19 09:55:00,0.472
1109,2024-09-19 10:00:00,0.473
1110,2024-09-19 10:05:00,0.474
1111,2024-09-19 10:10:00,0.474
1112,2024-09-19 10:15:00,0.477
1113,2024-09-19 10:20:00,0.477
1114,2024-09-19 10:25:00,0.479
1115,2024-09-19 10:30:00,0.48
1116,2024-09-19 10:35:00,0.481
1117,2024-09-19 10:40:00,0.483
1118,2024-09-19 10:45:00,0.484
1119,2024-09-19 10:50:00,0.484
1120,2024-09-19 10:55:00,0.482
1121,2024-09-19 11:00:00,0.483
1122,2024-09-19 11:05:00,0.483
1123,2024-09-19 11:10:00,0.482
1124,2024-09-19 11:15:00,0.483
1125,2024-09-19 11:20:00,0.483
1126,2024-09-19 11:25:00,0.483
1127,2024-09-19 11:30:00,0.483
1128,2024-09-19 13:05:00,0.487
1129,2024-09-19 13:10:00,0.487
1130,2024-09-19 13:15:00,0.487
1131,2024-09-19 13:20:00,0.486
1132,2024-09-19 13:25:00,0.485
1133,2024-09-19 13:30:00,0.485
1134,2024-09-19 13:35:00,0.485
1135,2024-09-19 13:40:00,0.485
1136,2024-09-19 13:45:00,0.485
1137,2024-09-19 13:50:00,0.485
1138,2024-09-19 13:55:00,0.485
1139,2024-09-19 14:00:00,0.485
1140,2024-09-19 14:05:00,0.485
1141,2024-09-19 14:10:00,0.484
1142,2024-09-19 14:15:00,0.485
1143,2024-09-19 14:20:00,0.485
1144,2024-09-19 14:25:00,0.486
1145,2024-09-19 14:30:00,0.486
1146,2024-09-19 14:35:00,0.487
1147,2024-09-19 14:40:00,0.487
1148,2024-09-19 14:45:00,0.487
1149,2024-09-19 14:50:00,0.487
1150,2024-09-19 14:55:00,0.487
1151,2024-09-19 15:00:00,0.487
1152,2024-09-20 09:35:00,0.489
1153,2024-09-20 09:40:00,0.49
1154,2024-09-20 09:45:00,0.49
1155,2024-09-20 09:50:00,0.491
1156,2024-09-20 09:55:00,0.493
1157,2024-09-20 10:00:00,0.493
1158,2024-09-20 10:05:00,0.493
1159,2024-09-20 10:10:00,0.494
1160,2024-09-20 10:15:00,0.496
1161,2024-09-20 10:20:00,0.496
1162,2024-09-20 10:25:00,0.495
1163,2024-09-20 10:30:00,0.496
1164,2024-09-20 10:35:00,0.496
1165,2024-09-20 10:40:00,0.496
1166,2024-09-20 10:45:00,0.495
1167,2024-09-20 10:50:00,0.494
1168,2024-09-20 10:55:00,0.493
1169,2024-09-20 11:00:00,0.494
1170,2024-09-20 11:05:00,0.494
1171,2024-09-20 11:10:00,0.494
1172,2024-09-20 11:15:00,0.493
1173,2024-09-20 11:20:00,0.495
1174,2024-09-20 11:25:00,0.494
1175,2024-09-20 11:30:00,0.492
1176,2024-09-20 13:05:00,0.492
1177,2024-09-20 13:10:00,0.492
1178,2024-09-20 13:15:00,0.491
1179,2024-09-20 13:20:00,0.491
1180,2024-09-20 13:25:00,0.49
1181,2024-09-20 13:30:00,0.491
1182,2024-09-20 13:35:00,0.491
1183,2024-09-20 13:40:00,0.49
1184,2024-09-20 13:45:00,0.489
1185,2024-09-20 13:50:00,0.488
1186,2024-09-20 13:55:00,0.489
1187,2024-09-20 14:00:00,0.489
1188,2024-09-20 14:05:00,0.489
1189,2024-09-20 14:10:00,0.489
1190,2024-09-20 14:15:00,0.489
1191,2024-09-20 14:20:00,0.489
1192,2024-09-20 14:25:00,0.489
1193,2024-09-20 14:30:00,0.49
1194,2024-09-20 14:35:00,0.49
1195,2024-09-20 14:40:00,0.49
1196,2024-09-20 14:45:00,0.49
1197,2024-09-20 14:50:00,0.49
1198,2024-09-20 14:55:00,0.49
1199,2024-09-20 15:00:00,0.489
1200,2024-09-23 09:35:00,0.494
1201,2024-09-23 09:40:00,0.497
1202,2024-09-23 09:45:00,0.498
1203,2024-09-23 09:50:00,0.498
1204,2024-09-23 09:55:00,0.497
1205,2024-09-23 10:00:00,0.495
1206,2024-09-23 10:05:00,0.495
1207,2024-09-23 10:10:00,0.494
1208,2024-09-23 10:15:00,0.494
1209,2024-09-23 10:20:00,0.495
1210,2024-09-23 10:25:00,0.496
1211,2024-09-23 10:30:00,0.496
1212,2024-09-23 10:35:00,0.495
1213,2024-09-23 10:40:00,0.494
1214,2024-09-23 10:45:00,0.495
1215,2024-09-23 10:50:00,0.496
1216,2024-09-23 10:55:00,0.496
1217,2024-09-23 11:00:00,0.496
1218,2024-09-23 11:05:00,0.497
1219,2024-09-23 11:10:00,0.496
1220,2024-09-23 11:15:00,0.496
1221,2024-09-23 11:20:00,0.496
1222,2024-09-23 11:25:00,0.496
1223,2024-09-23 11:30:00,0.496
1224,2024-09-23 13:05:00,0.495
1225,2024-09-23 13:10:00,0.494
1226,2024-09-23 13:15:00,0.493
1227,2024-09-23 13:20:00,0.493
1228,2024-09-23 13:25:00,0.494
1229,2024-09-23 13:30:00,0.493
1230,2024-09-23 13:35:00,0.493
1231,2024-09-23 13:40:00,0.492
1232,2024-09-23 13:45:00,0.492
1233,2024-09-23 13:50:00,0.492
1234,2024-09-23 13:55:00,0.491
1235,2024-09-23 14:00:00,0.491
1236,2024-09-23 14:05:00,0.492
1237,2024-09-23 14:10:00,0.491
1238,2024-09-23 14:15:00,0.491
1239,2024-09-23 14:20:00,0.491
1240,2024-09-23 14:25:00,0.491
1241,2024-09-23 14:30:00,0.491
1242,2024-09-23 14:35:00,0.492
1243,2024-09-23 14:40:00,0.491
1244,2024-09-23 14:45:00,0.491
1245,2024-09-23 14:50:00,0.491
1246,2024-09-23 14:55:00,0.491
1247,2024-09-23 15:00:00,0.491
1248,2024-09-24 09:35:00,0.506
1249,2024-09-24 09:40:00,0.505
1250,2024-09-24 09:45:00,0.503
1251,2024-09-24 09:50:00,0.503
1252,2024-09-24 09:55:00,0.501
1253,2024-09-24 10:00:00,0.5
1254,2024-09-24 10:05:00,0.499
1255,2024-09-24 10:10:00,0.499
1256,2024-09-24 10:15:00,0.5
1257,2024-09-24 10:20:00,0.5
1258,2024-09-24 10:25:00,0.499
1259,2024-09-24 10:30:00,0.499
1260,2024-09-24 10:35:00,0.5
1261,2024-09-24 10:40:00,0.501
1262,2024-09-24 10:45:00,0.502
1263,2024-09-24 10:50:00,0.504
1264,2024-09-24 10:55:00,0.504
1265,2024-09-24 11:00:00,0.506
1266,2024-09-24 11:05:00,0.506
1267,2024-09-24 11:10:00,0.506
1268,2024-09-24 11:15:00,0.506
1269,2024-09-24 11:20:00,0.508
1270,2024-09-24 11:25:00,0.509
1271,2024-09-24 11:30:00,0.509
1272,2024-09-24 13:05:00,0.512
1273,2024-09-24 13:10:00,0.513
1274,2024-09-24 13:15:00,0.513
1275,2024-09-24 13:20:00,0.511
1276,2024-09-24 13:25:00,0.511
1277,2024-09-24 13:30:00,0.512
1278,2024-09-24 13:35:00,0.512
1279,2024-09-24 13:40:00,0.513
1280,2024-09-24 13:45:00,0.513
1281,2024-09-24 13:50:00,0.513
1282,2024-09-24 13:55:00,0.513
1283,2024-09-24 14:00:00,0.513
1284,2024-09-24 14:05:00,0.514
1285,2024-09-24 14:10:00,0.514
1286,2024-09-24 14:15:00,0.513
1287,2024-09-24 14:20:00,0.514
1288,2024-09-24 14:25:00,0.514
1289,2024-09-24 14:30:00,0.514
1290,2024-09-24 14:35:00,0.514
1291,2024-09-24 14:40:00,0.515
1292,2024-09-24 14:45:00,0.515
1293,2024-09-24 14:50:00,0.515
1294,2024-09-24 14:55:00,0.516
1295,2024-09-24 15:00:00,0.516
1296,2024-09-25 09:35:00,0.535
1297,2024-09-25 09:40:00,0.535
1298,2024-09-25 09:45:00,0.534
1299,2024-09-25 09:50:00,0.53
1300,2024-09-25 09:55:00,0.529
1301,2024-09-25 10:00:00,0.529
1302,2024-09-25 10:05:00,0.53
1303,2024-09-25 10:10:00,0.531
1304,2024-09-25 10:15:00,0.531
1305,2024-09-25 10:20:00,0.531
1306,2024-09-25 10:25:00,0.531
1307,2024-09-25 10:30:00,0.53
1308,2024-09-25 10:35:00,0.53
1309,2024-09-25 10:40:00,0.528
1310,2024-09-25 10:45:00,0.529
1311,2024-09-25 10:50:00,0.529
1312,2024-09-25 10:55:00,0.529
1313,2024-09-25 11:00:00,0.53
1314,2024-09-25 11:05:00,0.528
1315,2024-09-25 11:10:00,0.527
1316,2024-09-25 11:15:00,0.526
1317,2024-09-25 11:20:00,0.527
1318,2024-09-25 11:25:00,0.527
1319,2024-09-25 11:30:00,0.527
1320,2024-09-25 13:05:00,0.528
1321,2024-09-25 13:10:00,0.528
1322,2024-09-25 13:15:00,0.528
1323,2024-09-25 13:20:00,0.526
1324,2024-09-25 13:25:00,0.526
1325,2024-09-25 13:30:00,0.526
1326,2024-09-25 13:35:00,0.526
1327,2024-09-25 13:40:00,0.525
1328,2024-09-25 13:45:00,0.523
1329,2024-09-25 13:50:00,0.522
1330,2024-09-25 13:55:00,0.522
1331,2024-09-25 14:00:00,0.522
1332,2024-09-25 14:05:00,0.523
1333,2024-09-25 14:10:00,0.523
1334,2024-09-25 14:15:00,0.521
1335,2024-09-25 14:20:00,0.519
1336,2024-09-25 14:25:00,0.518
1337,2024-09-25 14:30:00,0.518
1338,2024-09-25 14:35:00,0.517
1339,2024-09-25 14:40:00,0.518
1340,2024-09-25 14:45:00,0.519
1341,2024-09-25 14:50:00,0.519
1342,2024-09-25 14:55:00,0.518
1343,2024-09-25 15:00:00,0.518
1344,2024-09-26 09:35:00,0.527
1345,2024-09-26 09:40:00,0.527
1346,2024-09-26 09:45:00,0.525
1347,2024-09-26 09:50:00,0.53
1348,2024-09-26 09:55:00,0.533
1349,2024-09-26 10:00:00,0.536
1350,2024-09-26 10:05:00,0.533
1351,2024-09-26 10:10:00,0.534
1352,2024-09-26 10:15:00,0.534
1353,2024-09-26 10:20:00,0.533
1354,2024-09-26 10:25:00,0.534
1355,2024-09-26 10:30:00,0.535
1356,2024-09-26 10:35:00,0.535
1357,2024-09-26 10:40:00,0.535
1358,2024-09-26 10:45:00,0.534
1359,2024-09-26 10:50:00,0.534
1360,2024-09-26 10:55:00,0.534
1361,2024-09-26 11:00:00,0.534
1362,2024-09-26 11:05:00,0.535
1363,2024-09-26 11:10:00,0.535
1364,2024-09-26 11:15:00,0.535
1365,2024-09-26 11:20:00,0.535
1366,2024-09-26 11:25:00,0.536
1367,2024-09-26 11:30:00,0.536
1368,2024-09-26 13:05:00,0.539
1369,2024-09-26 13:10:00,0.542
1370,2024-09-26 13:15:00,0.544
1371,2024-09-26 13:20:00,0.544
1372,2024-09-26 13:25:00,0.545
1373,2024-09-26 13:30:00,0.546
1374,2024-09-26 13:35:00,0.546
1375,2024-09-26 13:40:00,0.545
1376,2024-09-26 13:45:00,0.544
1377,2024-09-26 13:50:00,0.545
1378,2024-09-26 13:55:00,0.546
1379,2024-09-26 14:00:00,0.546
1380,2024-09-26 14:05:00,0.547
1381,2024-09-26 14:10:00,0.549
1382,2024-09-26 14:15:00,0.551
1383,2024-09-26 14:20:00,0.552
1384,2024-09-26 14:25:00,0.55
1385,2024-09-26 14:30:00,0.551
1386,2024-09-26 14:35:00,0.549
1387,2024-09-26 14:40:00,0.55
1388,2024-09-26 14:45:00,0.55
1389,2024-09-26 14:50:00,0.551
1390,2024-09-26 14:55:00,0.552
1391,2024-09-26 15:00:00,0.553
1392,2024-09-27 09:35:00,0.58
1393,2024-09-27 09:40:00,0.574
1394,2024-09-27 09:45:00,0.573
1395,2024-09-27 09:50:00,0.571
1396,2024-09-27 09:55:00,0.575
1397,2024-09-27 10:00:00,0.577
1398,2024-09-27 10:05:00,0.576
1399,2024-09-27 10:10:00,0.577
1400,2024-09-27 10:15:00,0.576
1401,2024-09-27 10:20:00,0.577
1402,2024-09-27 10:25:00,0.576
1403,2024-09-27 10:30:00,0.575
1404,2024-09-27 10:35:00,0.575
1405,2024-09-27 10:40:00,0.576
1406,2024-09-27 10:45:00,0.576
1407,2024-09-27 10:50:00,0.576
1408,2024-09-27 10:55:00,0.576
1409,2024-09-27 11:00:00,0.576
1410,2024-09-27 11:05:00,0.576
1411,2024-09-27 11:10:00,0.577
1412,2024-09-27 11:15:00,0.577
1413,2024-09-27 11:20:00,0.585
1414,2024-09-27 11:25:00,0.59
1415,2024-09-27 11:30:00,0.59
1416,2024-09-27 13:05:00,0.591
1417,2024-09-27 13:10:00,0.593
1418,2024-09-27 13:15:00,0.593
1419,2024-09-27 13:20:00,0.594
1420,2024-09-27 13:25:00,0.592
1421,2024-09-27 13:30:00,0.591
1422,2024-09-27 13:35:00,0.587
1423,2024-09-27 13:40:00,0.584
1424,2024-09-27 13:45:00,0.585
1425,2024-09-27 13:50:00,0.585
1426,2024-09-27 13:55:00,0.584
1427,2024-09-27 14:00:00,0.583
1428,2024-09-27 14:05:00,0.586
1429,2024-09-27 14:10:00,0.587
1430,2024-09-27 14:15:00,0.585
1431,2024-09-27 14:20:00,0.586
1432,2024-09-27 14:25:00,0.59
1433,2024-09-27 14:30:00,0.587
1434,2024-09-27 14:35:00,0.583
1435,2024-09-27 14:40:00,0.584
1436,2024-09-27 14:45:00,0.584
1437,2024-09-27 14:50:00,0.583
1438,2024-09-27 14:55:00,0.582
1439,2024-09-27 15:00:00,0.582
1440,2024-09-30 09:35:00,0.619
1441,2024-09-30 09:40:00,0.621
1442,2024-09-30 09:45:00,0.615
1443,2024-09-30 09:50:00,0.609
1444,2024-09-30 09:55:00,0.607
1445,2024-09-30 10:00:00,0.609
1446,2024-09-30 10:05:00,0.614
1447,2024-09-30 10:10:00,0.613
1448,2024-09-30 10:15:00,0.611
1449,2024-09-30 10:20:00,0.61
1450,2024-09-30 10:25:00,0.611
1451,2024-09-30 10:30:00,0.612
1452,2024-09-30 10:35:00,0.612
1453,2024-09-30 10:40:00,0.609
1454,2024-09-30 10:45:00,0.611
1455,2024-09-30 10:50:00,0.611
1456,2024-09-30 10:55:00,0.613
1457,2024-09-30 11:00:00,0.616
1458,2024-09-30 11:05:00,0.616
1459,2024-09-30 11:10:00,0.616
1460,2024-09-30 11:15:00,0.619
1461,2024-09-30 11:20:00,0.621
1462,2024-09-30 11:25:00,0.623
1463,2024-09-30 11:30:00,0.628
1464,2024-09-30 13:05:00,0.634
1465,2024-09-30 13:10:00,0.633
1466,2024-09-30 13:15:00,0.633
1467,2024-09-30 13:20:00,0.629
1468,2024-09-30 13:25:00,0.631
1469,2024-09-30 13:30:00,0.633
1470,2024-09-30 13:35:00,0.637
1471,2024-09-30 13:40:00,0.637
1472,2024-09-30 13:45:00,0.637
1473,2024-09-30 13:50:00,0.638
1474,2024-09-30 13:55:00,0.638
1475,2024-09-30 14:00:00,0.638
1476,2024-09-30 14:05:00,0.638
1477,2024-09-30 14:10:00,0.638
1478,2024-09-30 14:15:00,0.638
1479,2024-09-30 14:20:00,0.638
1480,2024-09-30 14:25:00,0.634
1481,2024-09-30 14:30:00,0.631
1482,2024-09-30 14:35:00,0.633
1483,2024-09-30 14:40:00,0.636
1484,2024-09-30 14:45:00,0.636
1485,2024-09-30 14:50:00,0.637
1486,2024-09-30 14:55:00,0.638
1487,2024-09-30 15:00:00,0.638
